1, 1, Money Market Account, Panoramas, http://lorempixel.com/640/480, Small Hostel, 945 Marcella Wall West Noemieborough MO 42626, 390-228-4110, http://rhett.org, 44
2, 1, TCP Shirt indexing, Bedroom, http://lorempixel.com/640/480, Unbranded Door, 36541 Ashly River Lake Lincoln VT 94621, 318-457-4231, http://bertram.com, 231
3, 1, neural Luxembourg, Nearby, http://lorempixel.com/640/480, Sleek Snake, 13981 Erika Track Borerbury CO 37087, 813-071-0623, http://kobe.net, 908
4, 1, primary THX Auto Loan Account, Amenities, http://lorempixel.com/640/480, The Practical Snake, 497 Klein Field Hamillfort CT 53935-5511, 625-017-2696, http://stefan.com, 994
5, 1, Towels, Bedroom, http://lorempixel.com/640/480, The Gorgeous Inn, 9179 Jackie Lock North Katarina WV 92623, 792-340-4706, http://jessie.org, 791
6, 1, Towels, Panoramas, http://lorempixel.com/640/480, The Fantastic Desert, 700 Cordia Inlet Theoville CO 31859-0449, 968-903-7762, https://anthony.org, 118
7, 1, South Carolina, Panoramas, http://lorempixel.com/640/480, The Handmade Hostel, 162 Tevin Village Port Eliza AK 93177-4008, 429-771-3579, https://alta.org, 857
8, 1, Utah Director Toys, Amenities, http://lorempixel.com/640/480, Practical Garden, 623 Aaron Bypass Jastside WI 06217-6677, 210-922-9735, https://reid.info, 193
9, 1, web-readiness Pula Producer, Bathroom, http://lorempixel.com/640/480, Unbranded Boot, 1085 Spinka Views Lake Jenamouth CO 22251-3909, 030-163-9194, https://susanna.net, 280
10, 1, needs-based, Amenities, http://lorempixel.com/640/480, Rustic Hostel, 5307 Dahlia Vista Lake Lanceside MI 40237, 102-377-5111, https://rogelio.biz, 778
11, 1, programming, Panoramas, http://lorempixel.com/640/480, The Rustic Boot, 869 Owen Fords Magdalenberg SC 73469-9665, 879-997-3616, http://margot.info, 679
12, 1, communities, Bathroom, http://lorempixel.com/640/480, The Small Snake, 5409 Windler Mountains Keelingside NY 97752-6746, 133-280-3876, http://dorcas.name, 796
13, 1, Legacy Brook deposit, Kitchen, http://lorempixel.com/640/480, The Awesome Desert, 2365 Bernadine Row Lake Araceliborough IL 34524, 423-948-5771, https://alfredo.info, 520
14, 1, Buckinghamshire Manager neural, Panoramas, http://lorempixel.com/640/480, The Refined Desert, 71529 Luciano Junction Brennamouth WA 99135-7002, 443-504-2703, http://imani.name, 712
15, 2, Pants Computers Iceland, Bathroom, http://lorempixel.com/640/480, The Intelligent Inn, 22156 Runolfsdottir Ferry East Kendall ME 94084, 180-839-0037, http://gertrude.info, 524
16, 2, Functionality Representative Malawi, Kitchen, http://lorempixel.com/640/480, The Gorgeous Inn, 50721 Okuneva Mountains West Michel MI 16008-2562, 191-000-6868, http://ward.com, 428
17, 2, synthesizing Customizable Berkshire, Bathroom, http://lorempixel.com/640/480, Incredible Door, 48854 Mary Shoal Hayesstad FL 01521, 054-554-7769, https://nick.name, 115
18, 2, web-readiness Ridge National, Bathroom, http://lorempixel.com/640/480, The Practical Garden, 044 Hermann Trafficway West Curtis NJ 18685-0045, 825-131-7523, http://tremayne.name, 190
19, 2, deposit Wooden Pre-emptive, Bedroom, http://lorempixel.com/640/480, Handmade Snake, 514 Mann Locks Thompsonhaven LA 53841, 831-520-6597, http://sonya.name, 336
20, 2, attitude-oriented, Amenities, http://lorempixel.com/640/480, The Fantastic Abode, 408 Pfeffer Stravenue West Melodyside AR 63484, 897-621-2980, http://rubie.name, 84
21, 2, driver, Kitchen, http://lorempixel.com/640/480, Generic Barn, 512 Barry Plain Reginaldbury MO 28678, 837-040-0099, http://nash.org, 233
22, 2, invoice Road Sleek Soft Hat, Amenities, http://lorempixel.com/640/480, Ergonomic Door, 7903 Franecki Mill North Destiny CA 47379, 468-755-1479, https://heidi.net, 820
23, 2, Investment Account Sleek, Amenities, http://lorempixel.com/640/480, Awesome Sun, 5000 Adeline Crossroad West Owen ID 04347, 434-846-2031, http://mallie.com, 321
24, 2, complexity, Bedroom, http://lorempixel.com/640/480, The Unbranded Boot, 117 Lakin Extension East Enricoborough PA 94611, 303-358-1108, https://jettie.org, 572
25, 2, e-services, Bathroom, http://lorempixel.com/640/480, The Small Door, 6484 Giuseppe Ridges Ebertside ME 26392-6406, 729-575-6907, https://hadley.net, 582
26, 2, primary, Bedroom, http://lorempixel.com/640/480, The Practical Towers, 780 Dewitt Stravenue Hipolitochester NE 59366-1945, 618-281-0974, http://lessie.name, 174
27, 2, mission-critical full-range, Kitchen, http://lorempixel.com/640/480, Generic Desert, 7170 Runte Meadows West Herbertland NJ 13982-7204, 577-001-9172, https://antonina.com, 264
28, 2, Ergonomic Frozen Chips Field Nauru, Panoramas, http://lorempixel.com/640/480, Unbranded Barn, 80205 Modesta Courts North Kenyon MD 33649, 476-935-8955, http://johan.org, 795
29, 2, payment Graphic Interface Sleek, Bathroom, http://lorempixel.com/640/480, The Awesome Mirage, 7774 Syble Glens Albertaville NJ 01846-2019, 895-353-2769, https://susana.org, 788
30, 3, engineer New Jersey backing up, Kitchen, http://lorempixel.com/640/480, Intelligent Resort, 1271 Abernathy Crescent Giashire AK 28663, 412-222-9431, https://estevan.net, 110
31, 3, Mouse, Bedroom, http://lorempixel.com/640/480, Practical Door, 827 Kennedi Mountain Daphneeshire VA 03217, 563-246-7146, http://columbus.net, 87
32, 3, copy gold Licensed Wooden Chicken, Amenities, http://lorempixel.com/640/480, Refined Inn, 158 Kertzmann Port New Malvinaport IL 25568-5321, 612-909-5662, https://lilla.info, 735
33, 3, Toys SCSI model, Kitchen, http://lorempixel.com/640/480, The Awesome Hotel, 0289 Brice Cape Lueilwitzton NH 67389-0797, 847-753-4305, http://marta.name, 324
34, 3, Applications maximize Refined, Kitchen, http://lorempixel.com/640/480, Unbranded Towers, 83220 Domenica Burg Abernathymouth MA 48299, 215-877-8061, http://daniela.name, 602
35, 3, driver Trail, Amenities, http://lorempixel.com/640/480, Rustic Snake, 190 Gusikowski Fork Irvingborough KY 71013-7857, 645-241-9077, https://reta.org, 152
36, 3, sensor navigating Knolls, Bedroom, http://lorempixel.com/640/480, Rustic Garden, 3142 Loren Bridge Townemouth MO 00909, 124-814-1981, http://rae.com, 99
37, 3, Chips, Bedroom, http://lorempixel.com/640/480, The Refined Sun, 5406 Trantow Fields Breitenbergmouth WA 38071, 950-514-6438, https://griffin.name, 470
38, 3, Producer eco-centric Metal, Bedroom, http://lorempixel.com/640/480, The Practical Desert, 8627 Turcotte Locks New Esta KY 25652-1594, 135-369-8349, https://ruthie.biz, 269
39, 3, Compatible Cambridgeshire, Bedroom, http://lorempixel.com/640/480, The Unbranded Hotel, 868 Johnnie Stream Jaidenview FL 42661-0032, 219-614-5164, https://adeline.net, 727
40, 3, open system Somalia pricing structure, Amenities, http://lorempixel.com/640/480, The Ergonomic Boot, 46344 Jonas Isle New Pedrofurt MI 85245-3629, 906-479-3958, http://felicity.com, 508
41, 3, hacking pink, Kitchen, http://lorempixel.com/640/480, The Rustic Towers, 52382 Hettie Wall East Marlen WY 22104-2942, 924-775-8502, http://will.org, 533
42, 3, Virgin Islands U.S. synthesizing, Bathroom, http://lorempixel.com/640/480, The Awesome Desert, 84517 Fermin Meadows Oletaborough CT 17172, 399-652-3122, https://genoveva.com, 949
43, 3, Sleek, Bedroom, http://lorempixel.com/640/480, Incredible Towers, 68786 Garnett Circles Roobstad MD 13184, 237-872-2585, http://thomas.biz, 414
44, 3, Team-oriented hard drive Branding, Panoramas, http://lorempixel.com/640/480, Practical Barn, 71992 Green Ferry Kassulkeshire IN 28767, 379-451-0391, https://michel.org, 504
45, 4, Tasty Soft Bike Organic application, Panoramas, http://lorempixel.com/640/480, Fantastic Sun, 676 Orville Fall Cartertown IL 39844-9017, 321-876-3025, https://claudie.com, 788
46, 4, Global niches Awesome Metal Shirt, Bathroom, http://lorempixel.com/640/480, The Practical Inn, 5775 Mayer Ferry Huelton NM 94395, 861-386-7104, http://lilian.net, 874
47, 4, Automotive lavender, Bathroom, http://lorempixel.com/640/480, Licensed Sun, 2494 Littel Isle Beaulahborough WA 57793-0941, 011-974-3218, http://marvin.net, 885
48, 4, Wyoming Quality haptic, Bathroom, http://lorempixel.com/640/480, Handcrafted Boot, 3185 Aron Common Briamouth PA 80201-6092, 604-923-8943, https://gerardo.com, 797
49, 4, synthesize Developer, Bathroom, http://lorempixel.com/640/480, The Unbranded Resort, 1256 Dach Locks Williamsonbury NV 00552-9045, 366-102-3630, https://emerson.info, 460
50, 4, copying Usability Hryvnia, Panoramas, http://lorempixel.com/640/480, The Handmade Barn, 774 Roy Inlet West Staceyhaven VT 52843, 967-899-6189, https://tre.com, 188
51, 4, Kroon Accounts, Bedroom, http://lorempixel.com/640/480, Unbranded Door, 080 Katelynn Prairie Madisyntown VA 24336-2008, 753-498-7119, https://mercedes.net, 872
52, 4, Illinois supply-chains, Kitchen, http://lorempixel.com/640/480, Awesome Hotel, 147 Myriam Key Weberside HI 29494, 978-205-3206, http://roger.net, 415
53, 4, Persistent Human, Bathroom, http://lorempixel.com/640/480, Small Snake, 31464 Stokes Causeway Crawfordberg AZ 60403-3995, 591-456-7018, http://eliane.info, 468
54, 4, intranet seamless, Bedroom, http://lorempixel.com/640/480, Practical Sun, 93300 Kayley Hills Thompsonville CO 49125-9465, 158-556-7093, https://ryley.name, 490
55, 4, Cedi, Panoramas, http://lorempixel.com/640/480, The Refined Hostel, 005 Larry Stream Buddymouth WI 79765-5838, 744-918-9544, https://genevieve.biz, 846
56, 4, Pants, Bedroom, http://lorempixel.com/640/480, The Small Boot, 431 MacGyver Gardens Erichside HI 84507, 424-956-8304, http://rosalind.org, 820
57, 4, Brazil instruction set, Kitchen, http://lorempixel.com/640/480, Rustic Inn, 2918 Nicola Circle South Loraville NJ 02628, 110-232-6977, https://derrick.name, 327
58, 4, encryption impactful, Panoramas, http://lorempixel.com/640/480, The Fantastic Garden, 041 Leffler Loaf Hoseaside ME 69865, 654-418-7704, https://jasmin.name, 592
59, 4, payment, Bedroom, http://lorempixel.com/640/480, Sleek Door, 2258 Walker Estates New Jerome NM 82084, 035-079-4433, https://jewel.net, 137
60, 5, Lead firmware, Nearby, http://lorempixel.com/640/480, Unbranded Barn, 0182 Brendon Oval Bechtelarton NE 80523, 752-170-5303, http://izabella.info, 226
61, 5, architectures Center, Bathroom, http://lorempixel.com/640/480, The Tasty Hostel, 829 Arvilla Estate Luettgenbury DE 33893-5556, 529-995-8037, https://colten.info, 408
62, 5, compress GB Vermont, Amenities, http://lorempixel.com/640/480, Gorgeous Abode, 1489 Oleta Lake Kuvalishaven VA 67205-0172, 321-522-5675, http://amparo.biz, 813
63, 5, FTP Branding, Kitchen, http://lorempixel.com/640/480, Ergonomic Mirage, 87662 Graham Shores Helgaport MD 42110, 866-524-8511, http://emely.info, 172
64, 5, Granite Rustic Practical, Bedroom, http://lorempixel.com/640/480, Refined Boot, 19034 Gutkowski Wall Linwoodburgh MD 18767-0113, 331-219-5622, http://kelley.info, 719
65, 5, multi-tasking Home Loan Account, Amenities, http://lorempixel.com/640/480, The Incredible Resort, 3179 Rosetta Dale Port Isabellamouth NM 45595-1696, 723-530-0465, http://jazmyn.org, 380
66, 5, systematic Indiana generate, Bathroom, http://lorempixel.com/640/480, Unbranded Hotel, 7619 Lavonne Forks West Robyn CO 47820, 757-459-2764, https://cheyenne.name, 40
67, 5, bus hard drive radical, Amenities, http://lorempixel.com/640/480, The Refined Desert, 0899 Karen Row Lottieberg TX 47943-3661, 949-956-0817, https://malcolm.biz, 670
68, 5, User-friendly index, Bedroom, http://lorempixel.com/640/480, The Refined Door, 53906 Bradley Roads North Gabeborough VA 56043-6931, 081-943-3930, https://daren.com, 296
69, 5, plum FTP Florida, Bedroom, http://lorempixel.com/640/480, The Rustic Barn, 6217 Senger Land South Twilafurt KY 17661-8242, 326-883-1704, http://princess.info, 495
70, 5, backing up synthesizing, Amenities, http://lorempixel.com/640/480, Intelligent Abode, 63112 Gus Ramp Tedside GA 58580-9019, 779-128-3351, http://nicholas.net, 176
71, 5, Surinam Dollar application, Kitchen, http://lorempixel.com/640/480, The Intelligent Snake, 92027 Cormier Burgs Boyershire SD 48593, 891-370-9946, https://ignacio.info, 25
72, 5, Berkshire Connecticut, Bathroom, http://lorempixel.com/640/480, Incredible Abode, 4771 Alvina Junction Lake Elmo WI 08072-3158, 069-427-2060, http://jayme.org, 732
73, 5, deposit Unbranded, Nearby, http://lorempixel.com/640/480, Awesome Desert, 158 Morris Trail West Frank DE 86752, 533-301-7871, http://sasha.biz, 293
74, 5, generating firmware, Bedroom, http://lorempixel.com/640/480, The Refined Sun, 2068 Boyle Harbors East Aaliyahstad AZ 93641, 862-090-9393, https://abagail.org, 130
75, 6, Savings Account Cotton, Panoramas, http://lorempixel.com/640/480, Handcrafted Snake, 144 Luz Burgs Trevatown CA 97945, 728-297-2252, http://chadrick.com, 242
76, 6, Senior Rubber, Kitchen, http://lorempixel.com/640/480, Refined Snake, 4374 Cyril Plains Batzburgh IA 50593-8062, 568-890-6018, http://kyle.info, 374
77, 6, well-modulated XML moderator, Amenities, http://lorempixel.com/640/480, Handcrafted Door, 5990 Rippin Mountain Lake Rosannaland NY 49408, 314-330-8151, http://keira.com, 206
78, 6, neural-net Antigua and Barbuda, Kitchen, http://lorempixel.com/640/480, The Handcrafted Boot, 1878 Hirthe Meadow Port Abby HI 14693-4615, 620-311-5159, http://declan.com, 192
79, 6, AI grid-enabled, Bathroom, http://lorempixel.com/640/480, The Small Hotel, 43071 Cassin Valleys Desmondmouth FL 63248, 009-873-6363, https://khalid.org, 320
80, 6, California e-commerce Pine, Kitchen, http://lorempixel.com/640/480, The Tasty Boot, 73932 Hilton Lodge Kreigerside OR 55338-4251, 182-586-5633, https://meredith.name, 831
81, 6, Buckinghamshire International, Amenities, http://lorempixel.com/640/480, The Sleek Desert, 343 Swift Ways Hahnton ND 19915, 899-286-3687, http://alden.org, 745
82, 6, Bedfordshire Mount experiences, Nearby, http://lorempixel.com/640/480, The Practical Mirage, 557 Jon Island Zemlakfort LA 30309, 336-561-4543, http://rey.com, 248
83, 6, Unbranded, Bedroom, http://lorempixel.com/640/480, Rustic Resort, 388 Lazaro Brooks South Dextermouth MA 29897-2649, 158-245-3889, https://wanda.biz, 869
84, 6, Ukraine Orchestrator COM, Bathroom, http://lorempixel.com/640/480, The Generic Hostel, 5890 Jordan Overpass Windlermouth UT 03898-6504, 265-829-8278, https://casey.org, 512
85, 6, Cambridgeshire, Bedroom, http://lorempixel.com/640/480, Sleek Abode, 029 Maggio Parks Lake Johannbury OK 07762-9984, 684-291-2927, http://kariane.com, 714
86, 6, bypass, Amenities, http://lorempixel.com/640/480, The Small Snake, 2398 Reid Flat Lake Jairo CO 06427-6210, 348-041-3206, https://florian.name, 721
87, 6, zero tolerance Customer, Panoramas, http://lorempixel.com/640/480, Gorgeous Inn, 6975 Reichert Forge South Herminaville NV 93789, 895-053-8951, https://leonie.com, 247
88, 6, Keyboard, Amenities, http://lorempixel.com/640/480, The Fantastic Door, 68824 Yundt Cliff Koelpinburgh NV 83174, 264-428-8144, https://bradly.info, 499
89, 6, Salad Jewelery, Bedroom, http://lorempixel.com/640/480, The Sleek Mirage, 85001 Metz Key North Isom RI 59491-7462, 761-815-8968, https://liliana.info, 877
90, 7, haptic policy sky blue, Amenities, http://lorempixel.com/640/480, The Fantastic Towers, 807 Wisozk Valley Port Myah WV 04847, 932-355-1570, http://ephraim.com, 905
91, 7, Representative Ergonomic Frozen Soap Fantastic Frozen Chicken, Amenities, http://lorempixel.com/640/480, The Awesome Hostel, 4527 Gregory Haven West Sabryna KY 96867, 346-326-8941, http://mackenzie.com, 951
92, 7, programming, Panoramas, http://lorempixel.com/640/480, Gorgeous Towers, 767 Dejuan Brooks South Jevontown NV 44225-3672, 332-349-8274, http://annabelle.info, 255
93, 7, Focused, Amenities, http://lorempixel.com/640/480, Refined Mirage, 8675 Elmira Run Walterport KY 56374-1976, 449-533-0405, http://emilio.biz, 789
94, 7, Architect, Amenities, http://lorempixel.com/640/480, Fantastic Abode, 83672 Logan Falls Port Shyannstad WA 66393, 049-711-9601, https://jedidiah.name, 643
95, 7, Paradigm Jewelery, Nearby, http://lorempixel.com/640/480, The Unbranded Desert, 16471 Bernhard Crescent Albaland SD 95111-9045, 580-435-6145, http://christiana.info, 465
96, 7, tan Coordinator Dynamic, Amenities, http://lorempixel.com/640/480, The Awesome Towers, 69744 Hane Junction Volkmanview WI 34879, 998-073-9130, http://blaise.name, 107
97, 7, orange Sleek, Kitchen, http://lorempixel.com/640/480, The Unbranded Door, 7155 Waelchi Mountain Moorefurt CT 42856-8710, 569-188-0306, https://nickolas.info, 833
98, 7, Administrator Cambridgeshire, Bathroom, http://lorempixel.com/640/480, The Sleek Hotel, 499 Rodrick Freeway Zulaufhaven CO 44008-9405, 156-922-7142, https://khalil.net, 615
99, 7, Syrian Arab Republic Investment Account Steel, Amenities, http://lorempixel.com/640/480, The Gorgeous Mirage, 290 Ebert Village Port Billiefort MD 44688-4895, 386-065-4884, http://vernie.biz, 957
100, 7, input systemic Accounts, Kitchen, http://lorempixel.com/640/480, Unbranded Sun, 02481 Verner Burgs Jessycashire NM 72322-5912, 125-889-7196, http://corbin.name, 570
101, 7, Shirt USB circuit, Bedroom, http://lorempixel.com/640/480, The Generic Towers, 808 Frami Wells East Ashlyburgh CA 91263, 906-481-8882, http://marley.biz, 975
102, 7, Shoes system Rustic Metal Gloves, Amenities, http://lorempixel.com/640/480, Sleek Door, 297 Manuel Stream Buckridgeland WA 83746, 941-176-5871, https://myrtis.com, 468
103, 7, Track Lights, Panoramas, http://lorempixel.com/640/480, The Ergonomic Snake, 5304 Towne Tunnel Kleinport VA 67911-1137, 470-057-9378, http://richard.com, 627
104, 7, backing up, Amenities, http://lorempixel.com/640/480, Gorgeous Abode, 023 Rippin Ford Naomieland VT 15723, 516-069-0322, https://richmond.org, 928
105, 8, Virginia Money Market Account, Kitchen, http://lorempixel.com/640/480, The Ergonomic Resort, 67778 Zulauf Gateway Durganville AZ 93671-3398, 682-674-4315, http://carlotta.name, 801
106, 8, grey turquoise, Nearby, http://lorempixel.com/640/480, Gorgeous Desert, 39189 Gusikowski Trail North Corbin MO 19843, 268-726-5516, http://dayton.com, 1009
107, 8, Administrator Borders Norwegian Krone, Panoramas, http://lorempixel.com/640/480, The Fantastic Snake, 41694 Walker Canyon North Ashlynnton WV 26476, 386-817-4689, http://gabriel.org, 659
108, 8, Savings Account, Bedroom, http://lorempixel.com/640/480, The Small Towers, 40398 Lindgren Views Port Desmondmouth KY 92570-3855, 863-590-7183, http://monte.org, 519
109, 8, upward-trending, Bathroom, http://lorempixel.com/640/480, The Ergonomic Garden, 01074 Dion Mission Berneicestad TX 00377-5002, 031-934-9275, https://nelda.net, 390
110, 8, synthesizing, Nearby, http://lorempixel.com/640/480, The Incredible Snake, 14566 Keira Path Greentown AZ 64739-6080, 488-173-8971, https://eulalia.net, 802
111, 8, Plastic Oregon, Kitchen, http://lorempixel.com/640/480, The Awesome Garden, 0901 Claude Forest Feltonside ID 81914, 431-504-5544, https://tristian.biz, 371
112, 8, Plastic, Amenities, http://lorempixel.com/640/480, The Ergonomic Boot, 811 Evelyn Stream Stantonshire HI 32971-2790, 105-701-7239, https://genesis.org, 78
113, 8, Rustic, Nearby, http://lorempixel.com/640/480, The Incredible Snake, 429 Cassin Mill Craigmouth NE 60703, 098-899-7999, http://delta.name, 702
114, 8, Island, Kitchen, http://lorempixel.com/640/480, Awesome Mirage, 1148 Walter Village North Amalia MS 70928, 801-747-9864, https://hudson.org, 35
115, 8, SSL panel Implementation, Bathroom, http://lorempixel.com/640/480, Awesome Hotel, 804 Zulauf Brooks East Jermey ME 98220, 733-802-5245, http://brittany.org, 969
116, 8, Montenegro Democratic People's Republic of Korea Persevering, Bedroom, http://lorempixel.com/640/480, Tasty Door, 86295 Denesik Plains Vanland IN 92435, 664-113-3122, http://marlen.info, 826
117, 8, Belize compressing aggregate, Kitchen, http://lorempixel.com/640/480, The Generic Mirage, 71193 Glover Tunnel Lake Matildashire VA 71488-0052, 382-295-6399, http://anabel.net, 720
118, 8, e-tailers back-end Towels, Bedroom, http://lorempixel.com/640/480, The Incredible Boot, 5924 Kassandra Junctions Gibsonburgh KS 66355, 334-862-6925, https://bret.name, 188
119, 8, Branding microchip, Nearby, http://lorempixel.com/640/480, The Small Desert, 7651 Murazik Cliffs North Rosellaton NY 27777-7093, 381-753-7356, http://mara.info, 790
120, 9, Auto Loan Account cultivate, Kitchen, http://lorempixel.com/640/480, The Awesome Barn, 45947 Naomi Rue West Lowell PA 95077, 836-168-6361, https://iliana.biz, 125
121, 9, Direct Shoes International, Panoramas, http://lorempixel.com/640/480, Tasty Snake, 704 Kaylie Mountain East Justenstad NV 19671, 534-690-6412, http://jeramy.com, 342
122, 9, encoding hybrid payment, Bedroom, http://lorempixel.com/640/480, Small Hotel, 94608 Rubye Summit Labadieborough OH 62898-9116, 437-550-5324, https://shanon.biz, 876
123, 9, indexing, Nearby, http://lorempixel.com/640/480, The Intelligent Inn, 35003 Jada Common South Billie IL 58016, 990-456-4342, https://deontae.com, 29
124, 9, Adaptive, Bathroom, http://lorempixel.com/640/480, The Licensed Sun, 4678 Gaylord Estate South Shyannhaven MI 87586, 349-504-2881, http://rolando.com, 652
125, 9, Practical Plastic Fish Multi-layered, Nearby, http://lorempixel.com/640/480, Handcrafted Snake, 6255 Drake Stravenue South Abdul MS 54492, 067-520-1736, https://anibal.info, 303
126, 9, virtual input, Panoramas, http://lorempixel.com/640/480, Gorgeous Resort, 24330 Hilpert Light Toyberg NV 62239, 584-411-4838, https://berta.net, 694
127, 9, 24/365, Bathroom, http://lorempixel.com/640/480, The Fantastic Desert, 319 Jazmyne Glens Masonland DE 19792, 214-197-3605, http://alden.name, 993
128, 9, maroon silver port, Bedroom, http://lorempixel.com/640/480, Refined Hotel, 640 Schimmel Gateway North Ezekiel MT 67705, 626-178-0503, http://kari.com, 520
129, 9, Central African Republic Village payment, Bedroom, http://lorempixel.com/640/480, The Awesome Desert, 34722 Solon Overpass Lake Hilda CT 50701-8919, 987-182-8902, https://freddie.net, 164
130, 9, Gorgeous Executive, Bedroom, http://lorempixel.com/640/480, Fantastic Barn, 982 Kara Fort Lake Lavernmouth WY 74820, 646-945-5446, https://violette.name, 652
131, 9, Sharable Practical Concrete Chicken interfaces, Panoramas, http://lorempixel.com/640/480, Handmade Sun, 8565 Rebeca Fall Lake Darlene IN 92715, 702-950-8506, https://melody.com, 612
132, 9, Mali, Bedroom, http://lorempixel.com/640/480, Small Hostel, 0077 Kelvin Circles South Annamouth TN 13378-2013, 194-488-7410, http://nathan.info, 350
133, 9, parsing interactive, Bedroom, http://lorempixel.com/640/480, The Refined Hotel, 74535 Maynard Village Enastad OR 85444-3611, 033-669-0313, https://araceli.net, 700
134, 9, pixel, Amenities, http://lorempixel.com/640/480, The Licensed Garden, 423 Ernser Street Mayerville IN 75529, 534-570-0222, https://orie.biz, 182
135, 10, Shore installation Home Loan Account, Kitchen, http://lorempixel.com/640/480, Handmade Abode, 5172 Joanny Cliff Beatriceshire MI 92572-0146, 486-189-5353, https://clemmie.name, 965
136, 10, Infrastructure copying Baby, Amenities, http://lorempixel.com/640/480, The Practical Door, 1868 Bahringer Stravenue McClurebury CT 27525, 569-632-6299, https://genevieve.name, 830
137, 10, Metal Lempira Mall, Amenities, http://lorempixel.com/640/480, Generic Mirage, 06225 Veum Well Handberg PA 34885-6260, 543-580-1757, https://vinnie.name, 738
138, 10, withdrawal, Panoramas, http://lorempixel.com/640/480, The Handcrafted Abode, 35678 Bergnaum Locks Estefaniaburgh AZ 50176, 358-023-3157, https://nelson.biz, 172
139, 10, Sudanese Pound Handmade, Nearby, http://lorempixel.com/640/480, Unbranded Boot, 57027 Dillan Center New Agustinamouth NH 98501-7716, 886-761-9168, http://hulda.biz, 296
140, 10, sensor gold, Bedroom, http://lorempixel.com/640/480, Intelligent Garden, 29652 Runte Shoals North Tobychester CO 35572, 598-770-2958, http://fredy.org, 710
141, 10, Corporate hub Soap, Kitchen, http://lorempixel.com/640/480, The Practical Hotel, 7922 Conrad Forges Doylechester OK 98995, 277-063-2329, http://litzy.com, 180
142, 10, capacity, Bedroom, http://lorempixel.com/640/480, Intelligent Garden, 0798 Reilly Haven Ritchiebury AZ 20358-5566, 063-586-3752, http://merritt.org, 390
143, 10, Developer secondary Oregon, Panoramas, http://lorempixel.com/640/480, The Generic Towers, 7472 Verdie Summit North Melody IL 93877-4639, 516-552-2566, http://allie.biz, 656
144, 10, Missouri, Panoramas, http://lorempixel.com/640/480, The Gorgeous Boot, 4495 Bailey Ridges Judsonhaven KY 40679-4571, 655-898-0164, http://jazlyn.info, 170
145, 10, Human, Bedroom, http://lorempixel.com/640/480, The Tasty Resort, 70317 Schneider Corners Carleyport PA 99614-4203, 155-511-6902, https://toby.net, 175
146, 10, Wallis and Futuna Haiti, Bedroom, http://lorempixel.com/640/480, Refined Garden, 46370 Raphael Lane Angusport NC 21734, 606-580-3519, http://casper.info, 169
147, 10, Outdoors Village, Amenities, http://lorempixel.com/640/480, Handcrafted Mirage, 733 Cassin Lake Vonfort KS 04024, 593-585-2177, http://ewell.info, 780
148, 10, holistic monitor Home Loan Account, Bathroom, http://lorempixel.com/640/480, Handcrafted Hotel, 7847 Delfina Run Lake Lonie NC 30114, 290-979-9878, https://vena.info, 444
149, 10, Leone Creative ubiquitous, Kitchen, http://lorempixel.com/640/480, The Unbranded Boot, 907 Delores Squares Buckridgemouth KS 25524, 874-518-7800, http://kristina.name, 761
150, 10, violet, Bedroom, http://lorempixel.com/640/480, The Ergonomic Hostel, 78268 Murphy Divide Ashleetown MT 98653-2772, 244-934-1465, https://berta.com, 506
